n,rmse_fair,rmse_fair_calibrated,brier_fair,brier_fair_calibrated,win_rate,rmse_nws,rmse_alt,rmse_open
126,0.6679351794659822,0.6679351794659822,0.44613740396825396,0.44613740396825396,0.0,62.95236294214857,63.400778624230874,61.23477420084582
